referenceDate,valeurDate,availDate,transactionCode,documentNr,notes,amountDebit,amountCredit,balance
1/1/2022,1/1/2022,1/1/2022,,,ΑΠΟ ΜΕΤΑΦΟΡΑ,"3,420.30","65,540.03","62,119.73"
1/4/2022,12/31/2021,1/4/2022,69,001-001140001212846,LIDL ARTA GR,1.19,0.00,"62,118.54"
1/4/2022,12/31/2021,1/4/2022,69,001-001140001213301,METRO ARTA GR,12.06,0.00,"62,106.48"
1/4/2022,12/30/2021,1/4/2022,69,001-001140001213611,S/M AGGELIS ARTA GR,9.37,0.00,"62,097.11"
1/4/2022,12/31/2021,1/4/2022,69,060-001140000039580,AFOI N PETSA MON IKE ARTA GR,2.00,0.00,"62,095.11"
1/4/2022,12/31/2021,1/4/2022,69,070-001140000029631,IPIROS DISCOUNT ARTA GR,3.13,0.00,"62,091.98"
1/4/2022,12/31/2021,1/4/2022,69,080-001140000034256,LIDL ARTA GR,6.99,0.00,"62,084.99"
1/4/2022,12/31/2021,1/4/2022,69,080-001140000034700,LIDL ARTA GR,12.72,0.00,"62,072.27"
1/7/2022,1/3/2022,1/7/2022,69,070-001140000030251,PARALIA MEG ALEXAN GR,3.10,0.00,"62,069.17"
1/10/2022,1/6/2022,1/10/2022,69,001-001140001222339,PAPAGEORGIOU DIMOS THESSALONIKI GR,2.30,0.00,"62,066.87"
1/10/2022,1/5/2022,1/10/2022,69,001-001140001222516,SKLAVENITIS_CHARILAOU CHARILAOU THE GR,3.75,0.00,"62,063.12"
1/10/2022,1/5/2022,1/10/2022,69,010-001140000132741,FARMAKEIO KARLIOTI E THESSALONIKI GR,8.00,0.00,"62,055.12"
1/10/2022,1/4/2022,1/10/2022,69,010-001140000133091,LEKA ANA VASIL THESSALONIKI GR,7.00,0.00,"62,048.12"
1/10/2022,1/5/2022,1/10/2022,69,030-001140000067044,ARMAGOS NIKOLAOS THESSALONIKI GR,7.50,0.00,"62,040.62"
1/10/2022,1/5/2022,1/10/2022,69,030-001140000067209,FREGGIO THESSALONIKI GR,1.10,0.00,"62,039.52"
1/11/2022,1/5/2022,1/11/2022,69,001-001140001225131,ANATOLI AE CHARILAOU THE GR,4.76,0.00,"62,034.76"
1/11/2022,1/8/2022,1/11/2022,69,001-001140001225506,MY MARKET 594 ARTA METAMORFOSI GR,1.81,0.00,"62,032.95"
1/11/2022,1/8/2022,1/11/2022,69,001-001140001226187,METRO ARTA GR,17.92,0.00,"62,015.03"
1/11/2022,1/5/2022,1/11/2022,69,001-001140001226302,JETOIL AL PAPANAS GR,10.00,0.00,"62,005.03"
1/11/2022,1/8/2022,1/11/2022,69,001-001140001226364,IPIROS DISCOUNT ARTA GR,1.29,0.00,"62,003.74"
1/11/2022,1/6/2022,1/11/2022,69,001-001140001226477,JETOIL AL PAPANAS GR,45.43,0.00,"61,958.31"
1/11/2022,1/6/2022,1/11/2022,69,010-001140000134273,DIODIA PAMVOTIDAS CHTH 77000 GR,1.20,0.00,"61,957.11"
1/11/2022,1/6/2022,1/11/2022,69,010-001140000134287,GIOTIS SOTIRIOS K CO O IOANNINA GR,32.35,0.00,"61,924.76"
1/11/2022,1/5/2022,1/11/2022,69,060-001140000041174,TODAY GROUP AE AGGELAKH 1 GR,1.70,0.00,"61,923.06"
1/11/2022,1/6/2022,1/11/2022,69,070-001140000031192,DIODIA MALAKASIOU CHTH 11800 GR,1.40,0.00,"61,921.66"
1/11/2022,1/11/2022,1/11/2022,106,080-001120000035641,ΑΝΑΛΗΨΗ ΑΠΟ ATM,300.00,0.00,"61,621.66"
1/11/2022,1/6/2022,1/11/2022,69,080-001140000036130,DIODIA MALGARON CHTH 298.5 GR,1.20,0.00,"61,620.46"
1/11/2022,1/5/2022,1/11/2022,69,080-001140000036161,ANATOLI AE CHARILAOU THE GR,11.18,0.00,"61,609.28"
1/11/2022,1/6/2022,1/11/2022,69,080-001140000036221,DIODIA POLYMYLOY CHTH 227.5 GR,1.40,0.00,"61,607.88"
1/11/2022,1/8/2022,1/11/2022,69,080-001140000036223,LIDL ARTA GR,10.61,0.00,"61,597.27"
1/11/2022,1/6/2022,1/11/2022,69,080-001140000036292,EOAE SIATISTA CHTH 186 1 GR,1.50,0.00,"61,595.77"
1/11/2022,1/5/2022,1/11/2022,69,080-001140000036304,ANATOLI AE CHARILAOU THE GR,6.61,0.00,"61,589.16"
1/12/2022,1/12/2022,1/12/2022,200,001-000210000035989,ΕΙΣΕΡΧΟΜΕΝΟ ΕΜΒΑΣΜΑ CREDIT TRANSFER,0.00,649.69,"62,238.85"
1/12/2022,1/9/2022,1/12/2022,69,001-001140001227858,BOCHOTIS ARTA GR,14.70,0.00,"62,224.15"
1/12/2022,1/8/2022,1/12/2022,69,001-001140001228959,AGGELIS AE STRATONOS GR,12.29,0.00,"62,211.86"
1/12/2022,1/10/2022,1/12/2022,69,010-001140000135047,GIOLDASIS SA FILIPPIADA GR,6.42,0.00,"62,205.44"
1/12/2022,1/8/2022,1/12/2022,69,080-001140000036576,SKLAVENITIS ARTA ARTA GR,14.18,0.00,"62,191.26"
1/13/2022,1/11/2022,1/13/2022,69,070-001140000031917,NASOYLAS GEORGIOS SOTI ARTA GR,2.50,0.00,"62,188.76"
1/14/2022,1/11/2022,1/14/2022,69,080-001140000037092,SAKOYLA ALEXANDRA ARTA GR,3.00,0.00,"62,185.76"
1/17/2022,1/12/2022,1/17/2022,69,001-001140001235786,S/M AGGELIS ARTA GR,7.77,0.00,"62,177.99"
1/17/2022,1/12/2022,1/17/2022,69,001-001140001236493,MASOUTIS ARTA ARTA GR,4.34,0.00,"62,173.65"
1/17/2022,1/12/2022,1/17/2022,69,070-001140000032692,SKLAVENITIS ARTA SKOUFA ARTA GR,3.63,0.00,"62,170.02"
1/18/2022,1/14/2022,1/18/2022,69,001-001140001237182,S/M AGGELIS ARTA GR,6.25,0.00,"62,163.77"
1/18/2022,1/15/2022,1/18/2022,69,001-001140001238463,S/M AGGELIS ARTA GR,1.98,0.00,"62,161.79"
1/18/2022,1/14/2022,1/18/2022,69,001-001140001238585,SIAPLAOURAS PANAGI ARTA GR,1.80,0.00,"62,159.99"
1/18/2022,1/14/2022,1/18/2022,69,030-001140000070947,FARMAKEIA PAPANIKOLAOU X& ARTA GR,7.00,0.00,"62,152.99"
1/18/2022,1/16/2022,1/18/2022,69,030-001140000070994,THRAKA PREVEZA GR,10.00,0.00,"62,142.99"
1/18/2022,1/15/2022,1/18/2022,69,070-001140000032799,LIDL ARTA GR,28.91,0.00,"62,114.08"
1/19/2022,1/14/2022,1/19/2022,69,001-001140001240254,SKLAVENITIS ARTA ARTA GR,1.36,0.00,"62,112.72"
1/19/2022,1/16/2022,1/19/2022,69,050-001140000034636,BATZOGIANNIS GEOR KAI SIA MARINA GR,3.70,0.00,"62,109.02"
1/20/2022,1/17/2022,1/20/2022,69,001-001140001243586,MASOUTIS ARTA ARTA GR,4.91,0.00,"62,104.11"
1/21/2022,1/18/2022,1/21/2022,69,010-001140000139841,SKLAVENITIS ARTA ARTA GR,2.30,0.00,"62,101.81"
1/24/2022,1/19/2022,1/24/2022,69,001-001140001246696,S/M AGGELIS ARTA GR,5.48,0.00,"62,096.33"
1/24/2022,1/19/2022,1/24/2022,69,001-001140001246990,LIDL ARTA GR,10.06,0.00,"62,086.27"
1/24/2022,1/19/2022,1/24/2022,69,010-001140000140570,SAKOYLA ALEXANDRA ARTA GR,8.00,0.00,"62,078.27"
1/24/2022,1/20/2022,1/24/2022,69,010-001140000140634,PICK A POCKET PREVEZA GR,2.00,0.00,"62,076.27"
1/25/2022,1/19/2022,1/25/2022,69,001-001140001250115,FARMAKEIA PAPANIKOLAOU X& ARTA GR,7.00,0.00,"62,069.27"
1/25/2022,1/21/2022,1/25/2022,69,030-001140000073804,FARMAKEIA PAPANIKOLAOU X& ARTA GR,7.00,0.00,"62,062.27"
1/25/2022,1/20/2022,1/25/2022,69,080-001140000039578,AFOI KIRGIAKI OE PREVEZA GR,21.71,0.00,"62,040.56"
1/26/2022,1/26/2022,1/26/2022,200,001-000660000020640,ΕΙΣΕΡΧΟΜΕΝΟ ΕΜΒΑΣΜΑ CREDIT TRANSFER,0.00,649.69,"62,690.25"
1/26/2022,1/20/2022,1/26/2022,69,070-001140000034900,DIEM PREVEZA GR,5.00,0.00,"62,685.25"
1/26/2022,1/26/2022,1/26/2022,106,080-001120000036320,ΑΝΑΛΗΨΗ ΑΠΟ ATM,200.00,0.00,"62,485.25"
1/27/2022,1/24/2022,1/27/2022,69,001-001140001257370,SKLAVENITIS ARTA II ARTA GR,19.59,0.00,"62,465.66"
1/28/2022,1/26/2022,1/28/2022,69,010-001140000144034,DEVA ARTAS ARTA GR,103.84,0.00,"62,361.82"
2/1/2022,1/29/2022,2/1/2022,69,001-001140001265907,FREGGIO THESSALONIKI GR,1.10,0.00,"62,360.72"
2/1/2022,1/29/2022,2/1/2022,69,001-001140001266636,LIDL THESSALONIKI GR,10.95,0.00,"62,349.77"
2/1/2022,1/28/2022,2/1/2022,69,001-001140001266807,BP IOANNINA GR,1.50,0.00,"62,348.27"
2/1/2022,1/29/2022,2/1/2022,69,001-001140001267134,NATALI PLASTIRA PILEA GR,7.95,0.00,"62,340.32"
2/1/2022,1/29/2022,2/1/2022,69,010-001140000145825,SKLAVENITIS_CHARILAOU CHARILAOU THE GR,20.54,0.00,"62,319.78"
2/1/2022,1/29/2022,2/1/2022,69,060-001140000046995,ATHANASIOU ATHANAS KALAMARIA GR,7.80,0.00,"62,311.98"
2/1/2022,2/1/2022,2/1/2022,106,080-001120000036664,ΑΝΑΛΗΨΗ ΑΠΟ ATM,40.00,0.00,"62,271.98"
2/2/2022,1/29/2022,2/2/2022,69,001-001140001269268,ILKOS KOSMAS KON KARAMA GR,4.60,0.00,"62,267.38"
2/2/2022,1/31/2022,2/2/2022,69,001-001140001269550,ANATOLI AE CHARILAOU THE GR,4.92,0.00,"62,262.46"
2/2/2022,1/31/2022,2/2/2022,69,001-001140001269710,FARMAKEIO KARLIOTI E THESSALONIKI GR,5.60,0.00,"62,256.86"
2/2/2022,1/30/2022,2/2/2022,69,001-001140001270084,PAPASOTIRIOU KARATASOU GR,4.30,0.00,"62,252.56"
2/2/2022,1/29/2022,2/2/2022,69,001-001140001270374,MASOUTIS CHARILAOU  293 THESSALONI GR,3.28,0.00,"62,249.28"
2/2/2022,1/31/2022,2/2/2022,69,001-001140001270376,PAGONOPOULOS  KONSTANT THESSALONIKI GR,2.00,0.00,"62,247.28"
2/2/2022,1/29/2022,2/2/2022,69,001-001140001270604,FARMAKEIO KARLIOTI E THESSALONIKI GR,8.00,0.00,"62,239.28"
2/2/2022,1/28/2022,2/2/2022,69,050-001140000037060,O THANASIS THESSALONIKI GR,3.55,0.00,"62,235.73"
2/2/2022,1/30/2022,2/2/2022,69,060-001140000047637,NAZIRIDOU IKE KALAMARIA GR,8.50,0.00,"62,227.23"
2/2/2022,1/29/2022,2/2/2022,69,080-001140000041665,SUPER MARKET EGNATIA CHARILAOU THE GR,2.74,0.00,"62,224.49"
2/3/2022,1/31/2022,2/3/2022,69,001-001140001272401,BP-SIDIROPOULOU K & I OE VERIA GR,24.59,0.00,"62,199.90"
2/3/2022,1/31/2022,2/3/2022,69,001-001140001272468,DIODIA PAMVOTIDAS CHTH 77000 GR,1.20,0.00,"62,198.70"
2/3/2022,1/31/2022,2/3/2022,69,001-001140001272585,DIODIA POLYMYLOY CHTH 227.5 GR,1.40,0.00,"62,197.30"
2/3/2022,1/31/2022,2/3/2022,69,001-001140001272701,EOAE SIATISTA CHTH 186 1 GR,1.50,0.00,"62,195.80"
2/3/2022,1/31/2022,2/3/2022,69,001-001140001272807,LIDL THESSALONIKI GR,2.38,0.00,"62,193.42"
2/3/2022,1/31/2022,2/3/2022,69,010-001140000147295,DIODIA MALGARON CHTH 298.5 GR,1.20,0.00,"62,192.22"
2/3/2022,2/1/2022,2/3/2022,69,010-001140000147352,MPRIZOLADES ARTA GR,1.80,0.00,"62,190.42"
2/3/2022,1/31/2022,2/3/2022,69,030-001140000077982,DIODIA MALAKASIOU CHTH 11800 GR,1.40,0.00,"62,189.02"
2/3/2022,1/31/2022,2/3/2022,69,030-001140000078083,JETOIL AL PAPANAS GR,20.00,0.00,"62,169.02"
2/3/2022,1/31/2022,2/3/2022,69,060-001140000047916,FREGGIO THESSALONIKI GR,1.10,0.00,"62,167.92"
2/4/2022,2/2/2022,2/4/2022,69,010-001140000147655,K KALOGIROU IKE ARTA GR,8.00,0.00,"62,159.92"
2/7/2022,2/2/2022,2/7/2022,69,010-001140000149174,S/M AGGELIS ARTA GR,8.22,0.00,"62,151.70"
2/7/2022,2/7/2022,2/7/2022,106,080-001120000036936,ΑΝΑΛΗΨΗ ΑΠΟ ATM,400.00,0.00,"61,751.70"
2/7/2022,2/2/2022,2/7/2022,69,080-001140000042756,SKLAVENITIS ARTA SKOUFA ARTA GR,2.08,0.00,"61,749.62"
2/7/2022,2/2/2022,2/7/2022,69,080-001140000042832,LIDL ARTA GR,12.21,0.00,"61,737.41"
2/8/2022,2/2/2022,2/8/2022,69,001-001140001278771,FARMAKEIA PAPANIKOLAOU X& ARTA GR,7.00,0.00,"61,730.41"
2/8/2022,2/4/2022,2/8/2022,69,030-001140000079736,CAFESIHNO LTD ARTA GR,7.90,0.00,"61,722.51"
2/10/2022,2/10/2022,2/10/2022,200,001-000660000022110,ΕΙΣΕΡΧΟΜΕΝΟ ΕΜΒΑΣΜΑ CREDIT TRANSFER,0.00,649.69,"62,372.20"
2/14/2022,2/10/2022,2/14/2022,69,001-001140001287700,NASOYLAS GEORGIOS SOTI ARTA GR,3.00,0.00,"62,369.20"
2/21/2022,2/17/2022,2/21/2022,69,001-001140001300922,NASOYLAS GEORGIOS SOTI ARTA GR,3.00,0.00,"62,366.20"
2/21/2022,2/17/2022,2/21/2022,69,001-001140001301377,MPRIZOLADES ARTA GR,1.80,0.00,"62,364.40"
2/24/2022,2/24/2022,2/24/2022,200,001-000210000041072,ΕΙΣΕΡΧΟΜΕΝΟ ΕΜΒΑΣΜΑ CREDIT TRANSFER,0.00,649.69,"63,014.09"
2/24/2022,2/22/2022,2/24/2022,69,001-001140001309283,MON KOULOUR ARTA GR,1.20,0.00,"63,012.89"
2/28/2022,2/24/2022,2/28/2022,69,001-001140001315597,GIOLDASIS ARTOPOIIA ARTA GR,1.10,0.00,"63,011.79"
2/28/2022,2/24/2022,2/28/2022,69,010-001140000160076,A GKARTZIOS  V PAPPA ARTA GR,15.00,0.00,"62,996.79"
3/1/2022,2/24/2022,3/1/2022,69,060-001140000055354,TSOULOS HLIAS ARTA GR,14.90,0.00,"62,981.89"
3/3/2022,3/3/2022,3/3/2022,106,080-001120000038229,ΑΝΑΛΗΨΗ ΑΠΟ ATM,300.00,0.00,"62,681.89"
3/8/2022,3/8/2022,3/8/2022,177,080-000810000001003,ΕΞΟΔΑ ΕΞΕΤΑΣΗΣ ΑΙΤΗΜΑΤΟΣ ΔΑΝΕΙΟΥ,50.00,0.00,"62,631.89"
3/9/2022,3/3/2022,3/9/2022,69,010-001140000165924,SKORILAS VISSARION ARTA GR,4.50,0.00,"62,627.39"
3/9/2022,3/5/2022,3/9/2022,69,030-001140000091624,AVRAMIDIS THESSALONIKI GR,19.55,0.00,"62,607.84"
3/9/2022,3/9/2022,3/9/2022,106,080-001120000038465,ΑΝΑΛΗΨΗ ΑΠΟ ATM,40.00,0.00,"62,567.84"
3/9/2022,3/6/2022,3/9/2022,69,080-001140000050429,PASSAS THESSALONIKI GR,2.00,0.00,"62,565.84"
3/10/2022,3/11/2022,3/10/2022,85,001-000210000043457,ΕΠΙΣΤΡΟΦΗ ΠΛΗΡΩΜΗΣ ΤΕΕ ΠΟΣΟΣΤΟ ΑΝΤΑΠΟΔΟΣΗΣ,0.00,15.00,"62,580.84"
3/10/2022,3/10/2022,3/10/2022,200,001-000210000043499,ΕΙΣΕΡΧΟΜΕΝΟ ΕΜΒΑΣΜΑ CREDIT TRANSFER,0.00,649.69,"63,230.53"
3/14/2022,3/9/2022,3/14/2022,69,010-001140000168739,MASOUTIS ARTA ARTA GR,2.92,0.00,"63,227.61"
3/14/2022,3/9/2022,3/14/2022,69,050-001140000044207,LIDL ARTA GR,11.11,0.00,"63,216.50"
3/16/2022,3/12/2022,3/16/2022,69,001-001140001348003,GKANIATSAS ARISTOFANIS PERIFEREIA GR,10.00,0.00,"63,206.50"
3/16/2022,3/12/2022,3/16/2022,69,001-001140001348709,SKLAVENITIS ARTA ARTA GR,6.99,0.00,"63,199.51"
3/18/2022,3/16/2022,3/18/2022,69,001-001140001352430,K KALOGIROU IKE ARTA GR,6.50,0.00,"63,193.01"
3/21/2022,3/16/2022,3/21/2022,69,001-001140001354005,AGGELIS AE ARTA GR,9.83,0.00,"63,183.18"
3/21/2022,3/17/2022,3/21/2022,69,001-001140001354072,IPIROS DISCOUNT ARTA GR,6.21,0.00,"63,176.97"
3/21/2022,3/17/2022,3/21/2022,69,001-001140001354131,MY MARKET 594 ARTA METAMORFOSI GR,10.90,0.00,"63,166.07"
3/21/2022,3/16/2022,3/21/2022,69,010-001140000172604,AGGELIS AE ARTA GR,2.95,0.00,"63,163.12"
3/22/2022,3/22/2022,3/22/2022,1,080-000940000004902,ΕΚΔΟΣΗ ΤΡΑΠΕΖΙΚΗΣ ΕΠΙΤΑΓΗΣ ΣΕ ΔΙΑΤΑΓΗ ΙΔΙΟΥ ΜΕ ΧΡΕΩΣΗ ΛΟΓ/ΣΜΟΥ,"50,000.00",0.00,"13,163.12"
3/22/2022,3/22/2022,3/22/2022,106,080-001120000039045,ΑΝΑΛΗΨΗ ΑΠΟ ATM,40.00,0.00,"13,123.12"
3/23/2022,3/23/2022,3/23/2022,200,001-000210000045262,ΕΙΣΕΡΧΟΜΕΝΟ ΕΜΒΑΣΜΑ CREDIT TRANSFER,0.00,649.69,"13,772.81"
3/23/2022,3/19/2022,3/23/2022,69,030-001140000097925,IOANNIS ZIRAS KOMMENOY 7 GR,4.06,0.00,"13,768.75"
3/23/2022,3/19/2022,3/23/2022,69,070-001140000049620,MASOUTIS ARTA ARTA GR,2.05,0.00,"13,766.70"
3/28/2022,3/28/2022,3/28/2022,2,080-000940000005074,ΕΞΟΦΛΗΣΗ ΤΡΑΠΕΖΙΚΗΣ ΕΠΙΤΑΓΗΣ ΜΕ ΠΙΣΤΩΣΗ ΛΟΓΑΡΙΑΣΜΟΥ,0.00,"50,000.00","63,766.70"
3/28/2022,3/28/2022,3/28/2022,1,080-000940000005076,ΕΚΔΟΣΗ ΤΡΑΠΕΖΙΚΗΣ ΕΠΙΤΑΓΗΣ ΣΕ ΔΙΑΤΑΓΗ ΙΔΙΟΥ ΜΕ ΧΡΕΩΣΗ ΛΟΓ/ΣΜΟΥ,"25,000.00",0.00,"38,766.70"
3/28/2022,3/28/2022,3/28/2022,1,080-000940000005077,ΕΚΔΟΣΗ ΤΡΑΠΕΖΙΚΗΣ ΕΠΙΤΑΓΗΣ ΣΕ ΔΙΑΤΑΓΗ ΙΔΙΟΥ ΜΕ ΧΡΕΩΣΗ ΛΟΓ/ΣΜΟΥ,"25,000.00",0.00,"13,766.70"
3/29/2022,3/26/2022,3/29/2022,69,030-001140000100433,AB_ARTA_538 ARTA GR,9.81,0.00,"13,756.89"
3/30/2022,3/26/2022,3/30/2022,69,001-001140001373935,SKLAVENITIS ARTA ARTA GR,9.52,0.00,"13,747.37"
3/30/2022,3/26/2022,3/30/2022,69,060-001140000064152,PROUVA RIZOU MARIA NEOCHORI ARTA GR,4.00,0.00,"13,743.37"
4/4/2022,3/31/2022,4/4/2022,69,050-001140000048218,qkHPzMH kOc/sMOY dEH  GR,100.00,0.00,"13,643.37"
4/5/2022,4/4/2022,4/5/2022,69,001-001140001382432,TFL TRAVEL CH TFL.GOV.UK/CP GB,6.02,0.00,"13,637.35"
4/5/2022,4/3/2022,4/5/2022,69,001-001140001382503,TFL TRAVEL CH TFL.GOV.UK/CP GB,2.00,0.00,"13,635.35"
4/5/2022,4/3/2022,4/5/2022,69,001-001140001383138,TFL TRAVEL CH TFL.GOV.UK/CP GB,2.00,0.00,"13,633.35"
4/6/2022,4/5/2022,4/6/2022,69,001-001140001385579,TFL TRAVEL CH TFL.GOV.UK/CP GB,4.04,0.00,"13,629.31"
4/8/2022,4/6/2022,4/8/2022,69,001-001140001388936,HEINEMANN DUTY FREE/FIL.2 SCHONEFELD DE,10.00,0.00,"13,619.31"
4/8/2022,4/6/2022,4/8/2022,69,001-001140001389131,FISH&CHIPS FLUGHAFEN B BERLIN DE,6.90,0.00,"13,612.41"
4/8/2022,4/6/2022,4/8/2022,69,080-001140000059506,FLUGHAFEN BERLIN BRAND SCHOENEFELD DE,6.90,0.00,"13,605.51"
4/11/2022,4/7/2022,4/11/2022,69,001-001140001391075,SUPER MARKET EGNATIA CHARILAOU THE GR,3.18,0.00,"13,602.33"
4/11/2022,4/7/2022,4/11/2022,69,060-001140000067171,PAPAGEORGIOU DIMOS THESSALONIKI GR,0.80,0.00,"13,601.53"
4/12/2022,4/12/2022,4/12/2022,200,001-000210000049445,ΕΙΣΕΡΧΟΜΕΝΟ ΕΜΒΑΣΜΑ CREDIT TRANSFER,0.00,649.69,"14,251.22"
4/12/2022,4/9/2022,4/12/2022,69,001-001140001395377,AFOI KIRGIAKI OE PREVEZA GR,20.00,0.00,"14,231.22"
4/12/2022,4/9/2022,4/12/2022,69,001-001140001395698,PASCHOU  XANTHI EUAGGELO IGOUMENITSA GR,3.80,0.00,"14,227.42"
4/12/2022,4/9/2022,4/12/2022,69,060-001140000068096,TZIOVARAS FOKAS IGOUMENITSA GR,2.00,0.00,"14,225.42"
4/13/2022,4/11/2022,4/13/2022,69,001-001140001397117,SIAPLAOURAS PANAGI ARTA GR,3.60,0.00,"14,221.82"
4/13/2022,4/11/2022,4/13/2022,69,001-001140001397441,MY MARKET 594 ARTA METAMORFOSI GR,24.79,0.00,"14,197.03"
4/13/2022,4/11/2022,4/13/2022,69,001-001140001397732,TSIOUNIS ILIAS ARTA GR,19.00,0.00,"14,178.03"
4/13/2022,4/9/2022,4/13/2022,69,010-001140000187024,HPEIROTIKI FUELS PG E PREVEZA GR,20.00,0.00,"14,158.03"
4/13/2022,4/9/2022,4/13/2022,69,010-001140000187163,MICHAIL KOUPIS KYPROY KAI GR,1.50,0.00,"14,156.53"
4/19/2022,4/12/2022,4/19/2022,69,060-001140000069219,IOANNIS ZIRAS KOMMENOY 7 GR,3.30,0.00,"14,153.23"
4/20/2022,4/13/2022,4/20/2022,69,001-001140001407358,FARMAKEIA PAPANIKOLAOU X& ARTA GR,15.00,0.00,"14,138.23"
4/21/2022,4/21/2022,4/21/2022,200,001-000210000051934,ΕΙΣΕΡΧΟΜΕΝΟ ΕΜΒΑΣΜΑ CREDIT TRANSFER,0.00,649.69,"14,787.92"
4/21/2022,4/16/2022,4/21/2022,69,070-001140000057826,FOTIS HOME A ZARRA KA GR,5.79,0.00,"14,782.13"
4/27/2022,4/20/2022,4/27/2022,69,001-001140001422489,METRO 108 ARTA THESI TOP GR,46.12,0.00,"14,736.01"
4/27/2022,4/20/2022,4/27/2022,69,010-001140000196180,METRO 108 ARTA THESI TOP GR,1.16,0.00,"14,734.85"
4/27/2022,4/19/2022,4/27/2022,69,080-001140000065269,4089 MAKRAION ARTA A ARTA GR,20.00,0.00,"14,714.85"
5/4/2022,4/30/2022,5/4/2022,69,080-001140000068071,LIDL ARTA GR,14.87,0.00,"14,699.98"
5/11/2022,5/7/2022,5/11/2022,69,001-001140001449245,MITO DEL PUENTE PER.ODOS K GR,2.20,0.00,"14,697.78"
5/12/2022,5/12/2022,5/12/2022,200,001-000660000030077,ΕΙΣΕΡΧΟΜΕΝΟ ΕΜΒΑΣΜΑ CREDIT TRANSFER,0.00,649.69,"15,347.47"
5/16/2022,5/12/2022,5/16/2022,69,080-001140000071621,MY MARKET 594 ARTA METAMORFOSI GR,5.37,0.00,"15,342.10"
5/17/2022,5/14/2022,5/17/2022,69,001-001140001459128,AB_ARTA_538 ARTA GR,13.06,0.00,"15,329.04"
5/17/2022,5/12/2022,5/17/2022,69,001-001140001459987,KARALIS AE ARTA GR,5.37,0.00,"15,323.67"
5/17/2022,5/14/2022,5/17/2022,69,070-001140000066736,MY MARKET 594 ARTA METAMORFOSI GR,3.74,0.00,"15,319.93"
5/17/2022,5/14/2022,5/17/2022,69,070-001140000066802,IPIROS DISCOUNT ARTA GR,5.82,0.00,"15,314.11"
5/17/2022,5/12/2022,5/17/2022,69,070-001140000066843,BP ARTA GR,6.00,0.00,"15,308.11"
5/17/2022,5/11/2022,5/17/2022,69,080-001140000072250,EVANGELIA BANIA K SI ARTA GR,2.50,0.00,"15,305.61"
5/18/2022,5/14/2022,5/18/2022,69,001-001140001461979,SKORILAS VISSARION ARTA GR,10.00,0.00,"15,295.61"
5/18/2022,5/14/2022,5/18/2022,69,001-001140001462831,SKLAVENITIS ARTA ARTA GR,6.95,0.00,"15,288.66"
5/18/2022,5/14/2022,5/18/2022,69,070-001140000067102,MITO DEL PUENTE PER.ODOS K GR,2.20,0.00,"15,286.46"
5/18/2022,5/14/2022,5/18/2022,69,080-001140000072806,LIDL ARTA 150 ARTA GR,16.25,0.00,"15,270.21"
5/20/2022,5/17/2022,5/20/2022,69,001-001140001466309,BP ARTA GR,15.00,0.00,"15,255.21"
5/24/2022,5/20/2022,5/24/2022,69,001-001140001472958,MY MARKET 594 ARTA METAMORFOSI GR,5.98,0.00,"15,249.23"
5/24/2022,5/20/2022,5/24/2022,69,070-001140000068919,FARMAKIO ANAST PETSA ARTA GR,1.70,0.00,"15,247.53"
5/24/2022,5/20/2022,5/24/2022,69,070-001140000068954,VICHAS  PETROS KONSTANT ARTA GR,11.00,0.00,"15,236.53"
5/24/2022,5/20/2022,5/24/2022,69,080-001140000074650,IPIROS DISCOUNT ARTA GR,2.66,0.00,"15,233.87"
5/25/2022,5/21/2022,5/25/2022,69,001-001140001477505,SOUTA OLGA ARTA GR,1.50,0.00,"15,232.37"
5/25/2022,5/20/2022,5/25/2022,69,010-001140000216077,ANOSTRO PLATEIA G GR,14.00,0.00,"15,218.37"
5/25/2022,5/23/2022,5/25/2022,69,010-001140000216128,GKARTZONIS KONSTAN ARTA GR,5.00,0.00,"15,213.37"
5/25/2022,5/22/2022,5/25/2022,69,060-001140000086563,JUMBO AEE PREVEZA PERIOXH TZ GR,8.57,0.00,"15,204.80"
5/26/2022,5/26/2022,5/26/2022,200,001-000210000056799,ΕΙΣΕΡΧΟΜΕΝΟ ΕΜΒΑΣΜΑ CREDIT TRANSFER,0.00,651.72,"15,856.52"
5/26/2022,5/24/2022,5/26/2022,69,001-001140001478905,MY MARKET 594 ARTA METAMORFOSI GR,1.83,0.00,"15,854.69"
5/26/2022,5/24/2022,5/26/2022,69,001-001140001479271,MY MARKET 594 ARTA METAMORFOSI GR,3.91,0.00,"15,850.78"
5/27/2022,5/25/2022,5/27/2022,69,001-001140001482509,TSIROGIANNIS PERIKLI ARTA GR,30.00,0.00,"15,820.78"
5/27/2022,5/24/2022,5/27/2022,69,001-001140001482646,METRO 108 ARTA THESI TOP GR,14.47,0.00,"15,806.31"
5/27/2022,5/25/2022,5/27/2022,69,001-001140001482957,YE SENMIAO YU DONG ARTA GR,7.00,0.00,"15,799.31"
5/27/2022,5/25/2022,5/27/2022,69,001-001140001483165,TSIROGIANNIS PERIKLI ARTA GR,20.00,0.00,"15,779.31"
5/27/2022,5/24/2022,5/27/2022,69,050-001140000062049,BP ARTA GR,5.13,0.00,"15,774.18"
5/30/2022,5/25/2022,5/30/2022,69,001-001140001484354,S/M AGGELIS ARTA GR,6.00,0.00,"15,768.18"
5/30/2022,5/26/2022,5/30/2022,69,010-001140000218642,SIAPLAOURAS PANAGI ARTA GR,1.50,0.00,"15,766.68"
5/31/2022,5/28/2022,5/31/2022,69,001-001140001487778,AFOI NANI OE ARTA GR,15.00,0.00,"15,751.68"
5/31/2022,5/27/2022,5/31/2022,69,001-001140001488399,FARMAKIO ANAST PETSA ARTA GR,5.12,0.00,"15,746.56"
5/31/2022,5/25/2022,5/31/2022,69,010-001140000220522,SOUTA OLGA ARTA GR,2.50,0.00,"15,744.06"
5/31/2022,5/27/2022,5/31/2022,69,050-001140000062917,GKARTZONIS KONSTAN ARTA GR,2.80,0.00,"15,741.26"
5/31/2022,5/26/2022,5/31/2022,69,060-001140000089483,S/M AGGELIS ARTA GR,1.21,0.00,"15,740.05"
5/31/2022,5/28/2022,5/31/2022,69,080-001140000077797,MY MARKET 594 ARTA METAMORFOSI GR,4.04,0.00,"15,736.01"
5/31/2022,5/26/2022,5/31/2022,69,080-001140000077808,BP ARTA GR,20.00,0.00,"15,716.01"
6/1/2022,5/30/2022,6/1/2022,69,001-001140001491505,MY MARKET 594 ARTA METAMORFOSI GR,8.18,0.00,"15,707.83"
6/1/2022,5/28/2022,6/1/2022,69,001-001140001491698,IOANNIS ZIRAS KOMMENOY 7 GR,10.35,0.00,"15,697.48"
6/1/2022,5/29/2022,6/1/2022,69,001-001140001492138,MYRTEA AE IOANNINA GR,10.00,0.00,"15,687.48"
6/1/2022,5/30/2022,6/1/2022,69,010-001140000221812,SIAPLAOURAS PANAGI ARTA GR,3.30,0.00,"15,684.18"
6/1/2022,5/28/2022,6/1/2022,69,080-001140000078481,LIDL ARTA 150 ARTA GR,26.52,0.00,"15,657.66"
6/1/2022,5/27/2022,6/1/2022,69,080-001140000078511,SKLAVENITIS ARTA ARTA GR,6.93,0.00,"15,650.73"
6/7/2022,6/3/2022,6/7/2022,69,001-001140001501082,BP ARTA GR,5.00,0.00,"15,645.73"
6/9/2022,6/9/2022,6/9/2022,200,001-000660000031753,ΕΙΣΕΡΧΟΜΕΝΟ ΕΜΒΑΣΜΑ CREDIT TRANSFER,0.00,651.72,"16,297.45"
6/9/2022,6/9/2022,6/9/2022,106,080-001120000043298,ΑΝΑΛΗΨΗ ΑΠΟ ATM,280.00,0.00,"16,017.45"
6/16/2022,6/12/2022,6/16/2022,69,010-001140000230590,TO SERRAIKON IERA ODOS GR,2.00,0.00,"16,015.45"
6/17/2022,6/11/2022,6/17/2022,69,001-001140001519940,KREMMYDAS NIKIFOROS AIGALEO GR,6.58,0.00,"16,008.87"
6/17/2022,6/9/2022,6/17/2022,69,001-001140001520261,SKLAVENITIS AIGALEO ATHINA GR,13.60,0.00,"15,995.27"
6/17/2022,6/10/2022,6/17/2022,69,030-001140000141148,GOCOV ANATOLIY AIGALEO GR,23.00,0.00,"15,972.27"
6/17/2022,6/11/2022,6/17/2022,69,080-001140000083631,MEDITERRANEO_HOSPITAL GLIFADA GR,10.00,0.00,"15,962.27"
6/17/2022,6/12/2022,6/17/2022,69,080-001140000083790,KORIFI OE ARTA GR,6.80,0.00,"15,955.47"
6/20/2022,6/15/2022,6/20/2022,69,001-001140001523115,LIDL ARTA 150 ARTA GR,17.92,0.00,"15,937.55"
6/20/2022,6/15/2022,6/20/2022,69,010-001140000232924,SKLAVENITIS ARTA ARTA GR,14.58,0.00,"15,922.97"
6/22/2022,6/17/2022,6/22/2022,69,030-001140000143954,A TZOUVARAS K SIA EE AGIOY KONS GR,5.00,0.00,"15,917.97"
6/22/2022,6/22/2022,6/22/2022,106,080-001120000043943,ΑΝΑΛΗΨΗ ΑΠΟ ATM,110.00,0.00,"15,807.97"
6/24/2022,6/24/2022,6/24/2022,200,001-000660000032873,ΕΙΣΕΡΧΟΜΕΝΟ ΕΜΒΑΣΜΑ CREDIT TRANSFER,0.00,651.72,"16,459.69"
6/24/2022,6/22/2022,6/24/2022,69,001-001140001533490,MPRIZOLADES ARTA GR,3.00,0.00,"16,456.69"
6/29/2022,6/27/2022,6/29/2022,69,030-001140000148010,MY MARKET 594 ARTA METAMORFOSI GR,4.95,0.00,"16,451.74"
6/30/2022,7/1/2022,6/30/2022,115,ΤΤ - 0010018349268,Flows Interests,0.00,0.00,"16,451.74"
6/30/2022,7/1/2022,6/30/2022,116,ΤΤ - 0010018349268,Flows Interests,0.00,25.60,"16,477.34"
6/30/2022,7/1/2022,6/30/2022,117,ΤΤ - 0010018349268,Flows Interests,3.84,0.00,"16,473.50"
6/30/2022,7/1/2022,6/30/2022,118,ΤΤ - 0010018349268,Flows Interests,0.00,0.00,"16,473.50"
7/1/2022,6/29/2022,7/1/2022,69,001-001140001547567,IPIROS DISCOUNT ARTA GR,2.39,0.00,"16,471.11"
7/5/2022,7/5/2022,7/5/2022,106,080-001120000044685,ΑΝΑΛΗΨΗ ΑΠΟ ATM,80.00,0.00,"16,391.11"
7/11/2022,7/6/2022,7/11/2022,69,001-001140001570241,LIDL ARTA GR,34.00,0.00,"16,357.11"
7/12/2022,7/12/2022,7/12/2022,200,001-000660000036407,ΕΙΣΕΡΧΟΜΕΝΟ ΕΜΒΑΣΜΑ CREDIT TRANSFER,0.00,651.72,"17,008.83"
7/15/2022,7/15/2022,7/15/2022,200,001-000660000037693,ΕΙΣΕΡΧΟΜΕΝΟ ΕΜΒΑΣΜΑ CREDIT TRANSFER,0.00,181.47,"17,190.30"
7/19/2022,7/17/2022,7/19/2022,69,001-001140001588288,PAPAGEORGIOU DIMOS THESSALONIKI GR,1.30,0.00,"17,189.00"
7/19/2022,7/17/2022,7/19/2022,69,080-001140000096879,PAPAGEORGIOU DIMOS THESSALONIKI GR,3.85,0.00,"17,185.15"
7/21/2022,7/19/2022,7/21/2022,69,001-001140001592422,MARIBA E.E. THERMI THESSA GR,16.99,0.00,"17,168.16"
7/22/2022,7/19/2022,7/22/2022,69,001-001140001594668,THE MART KALAMARIA GR,13.52,0.00,"17,154.64"
7/26/2022,7/26/2022,7/26/2022,200,001-000660000038871,ΕΙΣΕΡΧΟΜΕΝΟ ΕΜΒΑΣΜΑ CREDIT TRANSFER,0.00,651.72,"17,806.36"
8/11/2022,8/11/2022,8/11/2022,200,001-000660000042303,ΕΙΣΕΡΧΟΜΕΝΟ ΕΜΒΑΣΜΑ CREDIT TRANSFER,0.00,651.72,"18,458.08"
8/25/2022,8/25/2022,8/25/2022,200,001-000990000014620,ΕΙΣΕΡΧΟΜΕΝΟ ΕΜΒΑΣΜΑ CREDIT TRANSFER,0.00,642.38,"19,100.46"
9/9/2022,9/9/2022,9/9/2022,1,080-000940000012034,ΑΝΑΛΗΨΗ  ΜΕΤΡΗΤΩΝ,250.00,0.00,"18,850.46"
9/12/2022,9/12/2022,9/12/2022,200,001-000660000043577,ΕΙΣΕΡΧΟΜΕΝΟ ΕΜΒΑΣΜΑ CREDIT TRANSFER,0.00,642.37,"19,492.83"
9/12/2022,9/12/2022,9/12/2022,1,080-000940000012087,ΑΝΑΛΗΨΗ  ΜΕΤΡΗΤΩΝ,200.00,0.00,"19,292.83"
9/26/2022,9/26/2022,9/26/2022,200,001-000660000045549,ΕΙΣΕΡΧΟΜΕΝΟ ΕΜΒΑΣΜΑ CREDIT TRANSFER,0.00,732.36,"20,025.19"
10/6/2022,10/4/2022,10/6/2022,69,001-001140001741470,KOUKOGIANNI MAGDALIN ARTA GR,2.00,0.00,"20,023.19"
10/6/2022,10/4/2022,10/6/2022,69,010-001140000316501,K KALOGIROU IKE ARTA GR,20.00,0.00,"20,003.19"
10/6/2022,10/4/2022,10/6/2022,69,080-001140000125414,CRISOBALANTO MPAKALIDI KATERINI GR,15.00,0.00,"19,988.19"
10/6/2022,10/4/2022,10/6/2022,69,080-001140000125499,CRISOBALANTO MPAKALIDI KATERINI GR,10.00,0.00,"19,978.19"
10/7/2022,10/5/2022,10/7/2022,69,001-001140001743652,IPEIROTIKI FUELS PG E E THESPROTIAS GR,30.00,0.00,"19,948.19"
10/7/2022,10/5/2022,10/7/2022,69,080-001140000125743,IPEIROTIKI FUELS PG E E THESPROTIAS GR,30.00,0.00,"19,918.19"
10/10/2022,10/5/2022,10/10/2022,69,050-001140000103239,METRO 108 ARTA THESI TOP GR,6.92,0.00,"19,911.27"
10/11/2022,10/7/2022,10/11/2022,69,001-001140001749997,AB_ARTA_538 ARTA GR,10.68,0.00,"19,900.59"
10/11/2022,10/8/2022,10/11/2022,69,080-001140000126384,WU XINYI MINGSONG ARTA GR,4.00,0.00,"19,896.59"
10/11/2022,10/8/2022,10/11/2022,69,080-001140000126588,MY MARKET 594 ARTA METAMORFOSI GR,11.52,0.00,"19,885.07"
10/12/2022,10/12/2022,10/12/2022,200,001-000660000050325,ΕΙΣΕΡΧΟΜΕΝΟ ΕΜΒΑΣΜΑ CREDIT TRANSFER,0.00,664.87,"20,549.94"
10/12/2022,10/8/2022,10/12/2022,69,001-001140001752039,FOTIS HOME A ZARRA KA GR,2.92,0.00,"20,547.02"
10/12/2022,10/7/2022,10/12/2022,69,001-001140001752552,LIDL ARTA 150 ARTA GR,30.68,0.00,"20,516.34"
10/12/2022,10/10/2022,10/12/2022,69,080-001140000126846,KIMOLIA ARTA GR,0.20,0.00,"20,516.14"
10/13/2022,10/11/2022,10/13/2022,69,001-001140001754310,MALAKOS VASILEIOS ARTA GR,3.90,0.00,"20,512.24"
10/14/2022,10/11/2022,10/14/2022,69,001-001140001756041,DOULAGIANNAKIS CH CO OE ARTA GR,14.00,0.00,"20,498.24"
10/14/2022,10/11/2022,10/14/2022,69,001-001140001756245,SYNETERISMOS YDRAYLIKON A ARTA GR,9.20,0.00,"20,489.04"
10/14/2022,10/11/2022,10/14/2022,69,080-001140000127498,SKORILAS VISSARION ARTA GR,10.00,0.00,"20,479.04"
10/18/2022,10/13/2022,10/18/2022,69,001-001140001763082,ELTA ARTAS 3059 AMVRAKIAS GR,6.00,0.00,"20,473.04"
10/18/2022,10/15/2022,10/18/2022,69,001-001140001763210,ZORBA FRIDERIKI ARTA GR,5.00,0.00,"20,468.04"
10/18/2022,10/15/2022,10/18/2022,69,050-001140000104253,THEODOROU GEORGIOS ARTA GR,8.40,0.00,"20,459.64"
10/19/2022,10/17/2022,10/19/2022,69,001-001140001765169,IPEIROTIKI FUELS PG E E THESPROTIAS GR,47.73,0.00,"20,411.91"
10/19/2022,10/17/2022,10/19/2022,69,080-001140000128608,MY MARKET 594 ARTA METAMORFOSI GR,2.50,0.00,"20,409.41"
10/20/2022,10/17/2022,10/20/2022,69,001-001140001767003,LIDL ARTA 832 ARTA GR,10.01,0.00,"20,399.40"
10/21/2022,10/19/2022,10/21/2022,69,010-001140000324199,CAFESIHNO LTD ARTA GR,7.93,0.00,"20,391.47"
10/24/2022,10/20/2022,10/24/2022,69,080-001140000129526,S/M AGGELIS ARTA GR,2.34,0.00,"20,389.13"
10/24/2022,10/19/2022,10/24/2022,69,080-001140000129626,AB_ARTA_538 ARTA GR,10.09,0.00,"20,379.04"
10/25/2022,10/22/2022,10/25/2022,69,010-001140000325943,SKLAVENITIS_G.PAPANDRE IOANNINA GR,9.83,0.00,"20,369.21"
10/25/2022,10/22/2022,10/25/2022,69,070-001140000119992,KOUTSIKOS DIMITRIO ARTA GR,1.90,0.00,"20,367.31"
10/25/2022,10/22/2022,10/25/2022,69,080-001140000129748,MANTZIOS IOANNINA GR,2.43,0.00,"20,364.88"
10/25/2022,10/20/2022,10/25/2022,69,080-001140000129822,AB_ARTA_538 ARTA GR,5.43,0.00,"20,359.45"
10/26/2022,10/26/2022,10/26/2022,200,001-000660000051764,ΕΙΣΕΡΧΟΜΕΝΟ ΕΜΒΑΣΜΑ CREDIT TRANSFER,0.00,664.88,"21,024.33"
10/26/2022,10/22/2022,10/26/2022,69,001-001140001776865,IOANNIS ZIRAS KOMMENOY 7 GR,12.06,0.00,"21,012.27"
10/26/2022,10/24/2022,10/26/2022,69,010-001140000326639,GIOTIS ANTONIOS ARTA GR,25.00,0.00,"20,987.27"
10/26/2022,10/22/2022,10/26/2022,69,010-001140000326706,TIP TOP N SKOUFA 1 GR,2.40,0.00,"20,984.87"
10/26/2022,10/22/2022,10/26/2022,69,010-001140000326996,BALSAMICO PLATEIA NE GR,28.50,0.00,"20,956.37"
10/26/2022,10/26/2022,10/26/2022,106,080-001120000050707,ΑΝΑΛΗΨΗ ΑΠΟ ATM,160.00,0.00,"20,796.37"
10/26/2022,10/22/2022,10/26/2022,69,080-001140000130555,SKORILAS VISSARION ARTA GR,16.00,0.00,"20,780.37"
10/31/2022,10/24/2022,10/31/2022,69,030-001140000214342,LIDL ARTA GR,14.64,0.00,"20,765.73"
11/1/2022,10/26/2022,11/1/2022,69,001-001140001788146,DIAMANTIS MASOUTIS SA ARTA GR,12.60,0.00,"20,753.13"
11/1/2022,10/28/2022,11/1/2022,69,050-001140000105855,ARCHONTIKO SOCHOS GR,30.00,0.00,"20,723.13"
11/1/2022,10/28/2022,11/1/2022,69,080-001140000131679,FREGGIO THESSALONIKI GR,1.40,0.00,"20,721.73"
11/2/2022,10/30/2022,11/2/2022,69,001-001140001789530,DIODIA MALGARON CHTH 298.5 GR,1.20,0.00,"20,720.53"
11/2/2022,10/29/2022,11/2/2022,69,001-001140001789625,EVANGELOS TZIMOGIANNIS ZAGKLIVERI GR,13.30,0.00,"20,707.23"
11/2/2022,10/28/2022,11/2/2022,69,001-001140001789662,KOSTAS VARVALIOS MEGALOY AL GR,6.10,0.00,"20,701.13"
11/2/2022,10/30/2022,11/2/2022,69,001-001140001790112,DIODIA POLYMYLOY CHTH 227.5 GR,1.40,0.00,"20,699.73"
11/2/2022,10/30/2022,11/2/2022,69,001-001140001790157,EOAE SIATISTA CHTH 186 1 GR,1.50,0.00,"20,698.23"
11/2/2022,10/31/2022,11/2/2022,69,010-001140000330814,ON THE ROAD ARTA GR,1.50,0.00,"20,696.73"
11/2/2022,10/29/2022,11/2/2022,69,080-001140000132274,SOLARLIGHT THESSALONIKI GR,3.50,0.00,"20,693.23"
11/2/2022,10/27/2022,11/2/2022,69,080-001140000132444,ZIOUTAS ARISTEIDIS POLYTECHNE GR,3.50,0.00,"20,689.73"
11/2/2022,10/30/2022,11/2/2022,69,080-001140000132555,DIODIA PAMVOTIDAS CHTH 77000 GR,1.20,0.00,"20,688.53"
11/2/2022,10/30/2022,11/2/2022,69,080-001140000132563,DIODIA MALAKASIOU CHTH 11800 GR,1.40,0.00,"20,687.13"
11/5/2022,11/5/2022,11/5/2022,106,080-001120000051298,ΑΝΑΛΗΨΗ ΑΠΟ ATM,80.00,0.00,"20,607.13"
11/8/2022,11/3/2022,11/8/2022,69,001-001140001798940,SOUTA OLGA ARTA GR,5.00,0.00,"20,602.13"
11/8/2022,11/5/2022,11/8/2022,69,001-001140001799675,ARAVANI  KALLIOPI SAVV ARTA GR,2.20,0.00,"20,599.93"
11/8/2022,11/5/2022,11/8/2022,69,001-001140001800079,MY MARKET 594 ARTA METAMORFOSI GR,5.89,0.00,"20,594.04"
11/8/2022,11/6/2022,11/8/2022,69,010-001140000333478,K KALOGIROU IKE ARTA GR,3.00,0.00,"20,591.04"
11/9/2022,11/4/2022,11/9/2022,69,001-001140001803312,SOUTA OLGA ARTA GR,2.50,0.00,"20,588.54"
11/9/2022,11/6/2022,11/9/2022,69,001-001140001803903,SOUTA OLGA ARTA GR,2.50,0.00,"20,586.04"
11/10/2022,11/10/2022,11/10/2022,200,001-000990000024266,ΕΙΣΕΡΧΟΜΕΝΟ ΕΜΒΑΣΜΑ CREDIT TRANSFER,0.00,664.87,"21,250.91"
11/10/2022,11/8/2022,11/10/2022,69,001-001140001805713,K TROMPOUKIS KAI YIO ARTA GR,11.02,0.00,"21,239.89"
11/10/2022,11/8/2022,11/10/2022,69,080-001140000134362,IPEIROTIKI FUELS PG E E THESPROTIAS GR,49.99,0.00,"21,189.90"
11/10/2022,11/8/2022,11/10/2022,69,080-001140000134399,IPEIROTIKI FUELS PG E E THESPROTIAS GR,20.00,0.00,"21,169.90"
11/11/2022,11/8/2022,11/11/2022,69,001-001140001807333,AB_ARTA_538 ARTA GR,9.59,0.00,"21,160.31"
11/11/2022,11/9/2022,11/11/2022,69,080-001140000134624,MY MARKET 594 ARTA METAMORFOSI GR,2.46,0.00,"21,157.85"
11/11/2022,11/9/2022,11/11/2022,69,080-001140000134634,KOUTSIKOS DIMITRIO ARTA GR,1.80,0.00,"21,156.05"
11/14/2022,11/10/2022,11/14/2022,69,001-001140001810401,MY MARKET 594 ARTA METAMORFOSI GR,3.41,0.00,"21,152.64"
11/15/2022,11/11/2022,11/15/2022,69,001-001140001812958,TOMOUTZOGLOU & CO ARTA GR,1.00,0.00,"21,151.64"
11/15/2022,11/11/2022,11/15/2022,69,080-001140000135127,AB_ARTA_538 ARTA GR,2.67,0.00,"21,148.97"
11/15/2022,11/10/2022,11/15/2022,69,080-001140000135137,SOUTA OLGA ARTA GR,2.50,0.00,"21,146.47"
11/16/2022,11/12/2022,11/16/2022,69,001-001140001815828,KARPOYZA ARISTEA ARTA GR,75.00,0.00,"21,071.47"
11/16/2022,11/11/2022,11/16/2022,69,001-001140001815836,SOUTA OLGA ARTA GR,2.50,0.00,"21,068.97"
11/16/2022,11/12/2022,11/16/2022,69,001-001140001815902,SKORILAS VISSARION ARTA GR,6.00,0.00,"21,062.97"
11/16/2022,11/14/2022,11/16/2022,69,001-001140001815917,KAFE AROMA ARTA GR,2.60,0.00,"21,060.37"
11/17/2022,11/15/2022,11/17/2022,69,001-001140001817266,MY MARKET 594 ARTA METAMORFOSI GR,2.67,0.00,"21,057.70"
11/17/2022,11/15/2022,11/17/2022,69,080-001140000135983,KOUTSIKOS DIMITRIO ARTA GR,1.30,0.00,"21,056.40"
11/17/2022,11/15/2022,11/17/2022,69,080-001140000135990,A GKARTZIOS  V PAPPA ARTA GR,15.00,0.00,"21,041.40"
11/18/2022,11/14/2022,11/18/2022,69,070-001140000124697,FARMAKEIA PAPANIKOLAOU X& ARTA GR,3.50,0.00,"21,037.90"
11/22/2022,11/19/2022,11/22/2022,69,001-001140001823075,AB_ARTA_538 ARTA GR,23.95,0.00,"21,013.95"
11/22/2022,11/19/2022,11/22/2022,69,080-001140000136858,KOUTSIKOS DIMITRIO ARTA GR,1.20,0.00,"21,012.75"
11/22/2022,11/19/2022,11/22/2022,69,080-001140000136863,DIAMANTIS VASILEIOS ARTA GR,3.30,0.00,"21,009.45"
11/22/2022,11/19/2022,11/22/2022,69,080-001140000136935,LIDL ARTA GR,20.52,0.00,"20,988.93"
11/22/2022,11/17/2022,11/22/2022,69,080-001140000136985,SOUTA OLGA ARTA GR,2.50,0.00,"20,986.43"
11/23/2022,11/20/2022,11/23/2022,69,080-001140000137462,PAPPAS THEOFILOS .        A GR,3.50,0.00,"20,982.93"
11/23/2022,11/18/2022,11/23/2022,69,080-001140000137466,SOUTA OLGA ARTA GR,2.50,0.00,"20,980.43"
11/23/2022,11/18/2022,11/23/2022,69,080-001140000137484,FOTIS HOME A ZARRA KA GR,2.73,0.00,"20,977.70"
11/23/2022,11/19/2022,11/23/2022,69,080-001140000137499,LIDL ARTA 150 ARTA GR,23.76,0.00,"20,953.94"
11/24/2022,11/24/2022,11/24/2022,200,001-000990000025677,ΕΙΣΕΡΧΟΜΕΝΟ ΕΜΒΑΣΜΑ CREDIT TRANSFER,0.00,664.88,"21,618.82"
11/24/2022,11/24/2022,11/24/2022,106,080-001120000052144,ΑΝΑΛΗΨΗ ΑΠΟ ATM,80.00,0.00,"21,538.82"
11/25/2022,11/22/2022,11/25/2022,69,080-001140000138096,SOUTA OLGA ARTA GR,2.00,0.00,"21,536.82"
11/29/2022,11/23/2022,11/29/2022,69,001-001140001832536,LYKOS ARTA GR,3.50,0.00,"21,533.32"
11/29/2022,11/24/2022,11/29/2022,69,001-001140001832626,IPIROS DISCOUNT ARTA GR,2.14,0.00,"21,531.18"
11/29/2022,11/26/2022,11/29/2022,69,001-001140001833197,PAPAGEORGIOU DIMOS THESSALONIKI GR,1.30,0.00,"21,529.88"
11/29/2022,11/26/2022,11/29/2022,69,001-001140001833338,PAPAGEORGIOU DIMOS THESSALONIKI GR,8.45,0.00,"21,521.43"
11/29/2022,11/25/2022,11/29/2022,69,001-001140001833752,SIAPLAOURAS PANAGI ARTA GR,24.00,0.00,"21,497.43"
11/29/2022,11/27/2022,11/29/2022,69,001-001140001833805,TAVASJA  FILE MARK KALAMARIA GR,3.00,0.00,"21,494.43"
11/29/2022,11/27/2022,11/29/2022,69,001-001140001833867,INVICTUS THESSALONIKI GR,35.00,0.00,"21,459.43"
11/29/2022,11/26/2022,11/29/2022,69,010-001140000344301,ANATOLI AE CHARILAOU THE GR,10.46,0.00,"21,448.97"
11/29/2022,11/25/2022,11/29/2022,69,010-001140000344798,4089 MAKRAION ARTA A ARTA GR,30.01,0.00,"21,418.96"
11/29/2022,11/26/2022,11/29/2022,69,030-001140000226541,KIOSSES KONSTANTINOS THESSALONIKI GR,750.00,0.00,"20,668.96"
11/29/2022,11/24/2022,11/29/2022,69,080-001140000138703,ARAVANI  KALLIOPI SAVV ARTA GR,1.20,0.00,"20,667.76"
11/29/2022,11/27/2022,11/29/2022,69,080-001140000138745,CHATZOPOULOS DIMITRI POLICHNI THES GR,7.50,0.00,"20,660.26"
11/29/2022,11/26/2022,11/29/2022,69,080-001140000138799,FREGGIO THESSALONIKI GR,1.40,0.00,"20,658.86"
11/29/2022,11/27/2022,11/29/2022,69,080-001140000139152,NIFIOTOU MARIA THESSALONIKI GR,3.70,0.00,"20,655.16"
11/30/2022,11/26/2022,11/30/2022,69,010-001140000345489,ELIN CHATZIAVRAAM KONSTANTIN GR,10.00,0.00,"20,645.16"
11/30/2022,11/28/2022,11/30/2022,69,010-001140000345647,APO PIRA THESSALONIKI GR,4.80,0.00,"20,640.36"
11/30/2022,11/28/2022,11/30/2022,69,080-001140000139437,PAPAGEORGIOU DIMOS THESSALONIKI GR,7.00,0.00,"20,633.36"
12/1/2022,11/29/2022,12/1/2022,69,030-001140000228162,EN KARPO THESSALONIKI GR,4.60,0.00,"20,628.76"
12/2/2022,11/29/2022,12/2/2022,69,001-001140001839914,SKLAVENITIS_CHARILAOU CHARILAOU THE GR,11.04,0.00,"20,617.72"
12/2/2022,11/30/2022,12/2/2022,69,030-001140000228532,EN KARPO THESSALONIKI GR,7.90,0.00,"20,609.82"
12/2/2022,11/29/2022,12/2/2022,69,080-001140000140022,SHELL PYLAIA GR,20.00,0.00,"20,589.82"
12/2/2022,11/30/2022,12/2/2022,69,080-001140000140035,IOANNIDOU VASILIKI THESSALONIKI GR,1.07,0.00,"20,588.75"
12/5/2022,11/26/2022,12/5/2022,69,001-001140001846863,TZOLOS PANAGIOTIS THESSALONIKI GR,3.20,0.00,"20,585.55"
12/5/2022,11/30/2022,12/5/2022,69,001-001140001846879,DIODIA MALGARON CHTH 298.5 GR,1.20,0.00,"20,584.35"
12/5/2022,12/5/2022,12/5/2022,106,080-001120000052844,ΑΝΑΛΗΨΗ ΑΠΟ ATM,160.00,0.00,"20,424.35"
12/5/2022,11/30/2022,12/5/2022,69,080-001140000140267,EOAE SIATISTA CHTH 186 1 GR,1.50,0.00,"20,422.85"
12/5/2022,11/30/2022,12/5/2022,69,080-001140000140270,BEAUTY FREE AGIAS SOFI GR,6.97,0.00,"20,415.88"
12/5/2022,11/30/2022,12/5/2022,69,080-001140000140277,BAZAAR AE EVOSMOS GR,1.60,0.00,"20,414.28"
12/5/2022,11/30/2022,12/5/2022,69,080-001140000140285,DIODIA MALAKASIOU CHTH 11800 GR,1.40,0.00,"20,412.88"
12/5/2022,11/30/2022,12/5/2022,69,080-001140000140286,DIODIA POLYMYLOY CHTH 227.5 GR,1.40,0.00,"20,411.48"
12/5/2022,11/30/2022,12/5/2022,69,080-001140000140309,FREGGIO THESSALONIKI GR,1.40,0.00,"20,410.08"
12/5/2022,11/30/2022,12/5/2022,69,080-001140000140315,DIODIA PAMVOTIDAS CHTH 77000 GR,1.20,0.00,"20,408.88"
12/6/2022,12/2/2022,12/6/2022,69,001-001140001848574,KOUTSIKOS DIMITRIO ARTA GR,0.70,0.00,"20,408.18"
12/6/2022,12/4/2022,12/6/2022,69,001-001140001848656,NASOYLAS GEORGIOS SOTI ARTA GR,3.00,0.00,"20,405.18"
12/6/2022,11/30/2022,12/6/2022,69,050-001140000110022,STAMOULI GARIFALIA THESSALONIKI GR,20.00,0.00,"20,385.18"
12/6/2022,12/3/2022,12/6/2022,69,070-001140000128233,SKORILAS VISSARION ARTA GR,14.50,0.00,"20,370.68"
12/6/2022,12/3/2022,12/6/2022,69,080-001140000140702,XINOS CHRISTOS ARTA GR,0.70,0.00,"20,369.98"
12/7/2022,12/5/2022,12/7/2022,69,001-001140001851037,IPIROS DISCOUNT ARTA GR,6.83,0.00,"20,363.15"
12/7/2022,12/4/2022,12/7/2022,69,001-001140001851114,PAPPAS THEOFILOS .        A GR,3.50,0.00,"20,359.65"
12/7/2022,12/2/2022,12/7/2022,69,080-001140000141160,SOUTA OLGA ARTA GR,4.50,0.00,"20,355.15"
12/9/2022,12/6/2022,12/9/2022,69,001-001140001853532,AB_ARTA_538 ARTA GR,1.58,0.00,"20,353.57"
12/9/2022,12/7/2022,12/9/2022,69,030-001140000230998,CAFESIHNO LTD ARTA GR,6.60,0.00,"20,346.97"
12/12/2022,12/12/2022,12/12/2022,200,001-000990000028045,ΕΙΣΕΡΧΟΜΕΝΟ ΕΜΒΑΣΜΑ CREDIT TRANSFER,0.00,664.87,"21,011.84"
12/12/2022,12/8/2022,12/12/2022,69,001-001140001857270,IPIROS DISCOUNT ARTA GR,5.77,0.00,"21,006.07"
12/12/2022,12/7/2022,12/12/2022,69,001-001140001857313,1 EURO MPANIAS PSILIKA ARTA GR,4.00,0.00,"21,002.07"
12/12/2022,12/8/2022,12/12/2022,69,010-001140000350367,FARMAKIO ANAST PETSA ARTA GR,20.06,0.00,"20,982.01"
12/13/2022,12/10/2022,12/13/2022,69,030-001140000231983,TSIRONIS L.& CO LP ARTA GR,5.00,0.00,"20,977.01"
12/13/2022,12/10/2022,12/13/2022,69,030-001140000232120,HONDOS CENTER ARTA GR,53.80,0.00,"20,923.21"
12/14/2022,12/9/2022,12/14/2022,69,010-001140000351936,SOUTA OLGA ARTA GR,2.50,0.00,"20,920.71"
12/14/2022,12/12/2022,12/14/2022,69,030-001140000232747,qkHPzMH kOc/sMOY dEH  GR,97.00,0.00,"20,823.71"
12/14/2022,12/8/2022,12/14/2022,69,060-001140000176795,SOUTA OLGA ARTA GR,2.50,0.00,"20,821.21"
12/14/2022,12/12/2022,12/14/2022,69,060-001140000176800,MY MARKET 594 ARTA METAMORFOSI GR,2.25,0.00,"20,818.96"
12/14/2022,12/10/2022,12/14/2022,69,060-001140000176813,SKLAVENITIS ARTA ARTA GR,7.18,0.00,"20,811.78"
12/14/2022,12/12/2022,12/14/2022,69,080-001140000142665,DEVA ARTAS ARTA GR,28.00,0.00,"20,783.78"
12/14/2022,12/11/2022,12/14/2022,69,080-001140000142684,PAPPAS THEOFILOS .        A GR,8.50,0.00,"20,775.28"
12/15/2022,12/12/2022,12/15/2022,69,080-001140000142939,TIP TOP N SKOUFA 1 GR,2.40,0.00,"20,772.88"
12/16/2022,12/14/2022,12/16/2022,69,080-001140000143189,EMPOROS ARTA GR,5.00,0.00,"20,767.88"
12/19/2022,12/14/2022,12/19/2022,69,080-001140000143470,4089 MAKRAION ARTA A ARTA GR,20.02,0.00,"20,747.86"
12/20/2022,12/16/2022,12/20/2022,69,001-001140001870368,TSIOUNIS ILIAS ARTA GR,25.00,0.00,"20,722.86"
12/20/2022,12/16/2022,12/20/2022,69,001-001140001870546,FOTOS CHRISTOS ARTA GR,12.00,0.00,"20,710.86"
12/20/2022,12/16/2022,12/20/2022,69,001-001140001870627,A GKARTZIOS  V PAPPA ARTA GR,15.00,0.00,"20,695.86"
12/20/2022,12/15/2022,12/20/2022,69,001-001140001870662,METRO 108 ARTA THESI TOP GR,16.17,0.00,"20,679.69"
12/20/2022,12/15/2022,12/20/2022,69,060-001140000177905,AB_ARTA_538 ARTA GR,3.25,0.00,"20,676.44"
12/20/2022,12/18/2022,12/20/2022,69,060-001140000178048,REGGINA EVAGGELIA PREVEZA GR,3.56,0.00,"20,672.88"
12/20/2022,12/18/2022,12/20/2022,69,080-001140000143836,IPEIROTIKI FUELS PG E E THESPROTIAS GR,50.00,0.00,"20,622.88"
12/20/2022,12/17/2022,12/20/2022,69,080-001140000143853,K KALOGIROU IKE ARTA GR,25.50,0.00,"20,597.38"
12/20/2022,12/18/2022,12/20/2022,69,080-001140000143974,ANYFANTI ANNA LOUROS GR,7.00,0.00,"20,590.38"
12/21/2022,12/17/2022,12/21/2022,69,001-001140001872728,KALOKAIRI V.-KARAGIANNIS ARTA GR,6.40,0.00,"20,583.98"
12/21/2022,12/18/2022,12/21/2022,69,080-001140000144673,LIDL ARTA 150 ARTA GR,10.17,0.00,"20,573.81"
12/21/2022,12/17/2022,12/21/2022,69,080-001140000144710,LIDL ARTA 150 ARTA GR,33.63,0.00,"20,540.18"
12/23/2022,12/23/2022,12/23/2022,200,001-000990000031649,ΕΙΣΕΡΧΟΜΕΝΟ ΕΜΒΑΣΜΑ CREDIT TRANSFER,0.00,673.54,"21,213.72"
12/23/2022,12/23/2022,12/23/2022,200,001-000990000031725,ΕΙΣΕΡΧΟΜΕΝΟ ΕΜΒΑΣΜΑ CREDIT TRANSFER,0.00,316.19,"21,529.91"
12/23/2022,12/21/2022,12/23/2022,69,001-001140001876552,MY MARKET 594 ARTA METAMORFOSI GR,1.24,0.00,"21,528.67"
12/28/2022,12/24/2022,12/28/2022,69,001-001140001883945,MY MARKET 594 ARTA METAMORFOSI GR,37.28,0.00,"21,491.39"
12/28/2022,12/26/2022,12/28/2022,69,001-001140001884929,TOLIS XRHSTOS K SIA EE ARTA GR,13.50,0.00,"21,477.89"
12/28/2022,12/26/2022,12/28/2022,69,080-001140000146277,NASOYLAS GEORGIOS SOTI ARTA GR,8.50,0.00,"21,469.39"
12/29/2022,12/24/2022,12/29/2022,69,001-001140001887770,LIDL ARTA 150 ARTA GR,19.78,0.00,"21,449.61"
12/29/2022,12/24/2022,12/29/2022,69,001-001140001887944,IOANNIS ZIRAS KOMMENOY 7 GR,46.49,0.00,"21,403.12"
12/29/2022,12/24/2022,12/29/2022,69,080-001140000147004,AB VASILOPOULOS S.A. ARTA GR,7.95,0.00,"21,395.17"
12/30/2022,12/24/2022,12/30/2022,69,050-001140000112868,SKLAVENITIS ARTA ARTA GR,2.95,0.00,"21,392.22"
12/31/2022,1/1/2023,12/31/2022,5,ΤΤ - 0010025854370,Flows Interests,0.00,0.00,"21,392.22"
12/31/2022,1/1/2023,12/31/2022,6,ΤΤ - 0010025854370,Flows Interests,0.00,17.60,"21,409.82"
12/31/2022,1/1/2023,12/31/2022,7,ΤΤ - 0010025854370,Flows Interests,2.64,0.00,"21,407.18"
12/31/2022,1/1/2023,12/31/2022,8,ΤΤ - 0010025854370,Flows Interests,0.00,0.00,"21,407.18"